0,examples/gridphysics/aliens.txt
1,examples/gridphysics/angelsdemons.txt
2,examples/gridphysics/assemblyline.txt
3,examples/gridphysics/avoidgeorge.txt
4,examples/gridphysics/bait.txt
5,examples/gridphysics/beltmanager.txt
6,examples/gridphysics/blacksmoke.txt
7,examples/gridphysics/boloadventures.txt
8,examples/gridphysics/bomber.txt
9,examples/gridphysics/bomberman.txt
10,examples/gridphysics/boulderchase.txt
11,examples/gridphysics/boulderdash.txt
12,examples/gridphysics/brainman.txt
13,examples/gridphysics/butterflies.txt
14,examples/gridphysics/cakybaky.txt
15,examples/gridphysics/camelRace.txt
16,examples/gridphysics/catapults.txt
17,examples/gridphysics/chainreaction.txt
18,examples/gridphysics/chase.txt
19,examples/gridphysics/chipschallenge.txt
20,examples/gridphysics/chopper.txt
21,examples/gridphysics/circuit.txt
22,examples/gridphysics/clusters.txt
23,examples/gridphysics/colourescape.txt
24,examples/gridphysics/cookmepasta.txt
25,examples/gridphysics/cops.txt
26,examples/gridphysics/crossfire.txt
27,examples/gridphysics/defem.txt
28,examples/gridphysics/defender.txt
29,examples/gridphysics/deflection.txt
30,examples/gridphysics/digdug.txt
31,examples/gridphysics/donkeykong.txt
32,examples/gridphysics/doorkoban.txt
33,examples/gridphysics/dungeon.txt
34,examples/gridphysics/eggomania.txt
35,examples/gridphysics/eighthpassenger.txt
36,examples/gridphysics/enemycitadel.txt
37,examples/gridphysics/escape.txt
38,examples/gridphysics/explore.txt
39,examples/gridphysics/factorymanager.txt
40,examples/gridphysics/firecaster.txt
41,examples/gridphysics/fireman.txt
42,examples/gridphysics/firestorms.txt
43,examples/gridphysics/freeway.txt
44,examples/gridphysics/frogs.txt
45,examples/gridphysics/garbagecollector.txt
46,examples/gridphysics/ghostbuster.txt
47,examples/gridphysics/glow.txt
48,examples/gridphysics/grow.txt
49,examples/gridphysics/gymkhana.txt
50,examples/gridphysics/hungrybirds.txt
51,examples/gridphysics/iceandfire.txt
52,examples/gridphysics/ikaruga.txt
53,examples/gridphysics/infection.txt
54,examples/gridphysics/intersection.txt
55,examples/gridphysics/islands.txt
56,examples/gridphysics/jaws.txt
57,examples/gridphysics/killBillVol1.txt
58,examples/gridphysics/labyrinth.txt
59,examples/gridphysics/labyrinthdual.txt
60,examples/gridphysics/lasers.txt
61,examples/gridphysics/lasers2.txt
62,examples/gridphysics/lemmings.txt
63,examples/gridphysics/link.txt
64,examples/gridphysics/mirrors.txt
65,examples/gridphysics/missilecommand.txt
66,examples/gridphysics/modality.txt
67,examples/gridphysics/overload.txt
68,examples/gridphysics/pacman.txt
69,examples/gridphysics/pacoban.txt
70,examples/gridphysics/painter.txt
71,examples/gridphysics/plants.txt
72,examples/gridphysics/plaqueattack.txt
73,examples/gridphysics/pokemon.txt
74,examples/gridphysics/portals.txt
75,examples/gridphysics/racebet.txt
76,examples/gridphysics/racebet2.txt
77,examples/gridphysics/realportals.txt
78,examples/gridphysics/realsokoban.txt
79,examples/gridphysics/rivers.txt
80,examples/gridphysics/roadfighter.txt
81,examples/gridphysics/roguelike.txt
82,examples/gridphysics/run.txt
83,examples/gridphysics/seaquest.txt
84,examples/gridphysics/sheriff.txt
85,examples/gridphysics/shipwreck.txt
86,examples/gridphysics/slide.txt
87,examples/gridphysics/sokoban.txt
88,examples/gridphysics/solarfox.txt
89,examples/gridphysics/superman.txt
90,examples/gridphysics/surround.txt
91,examples/gridphysics/survivezombies.txt
92,examples/gridphysics/tercio.txt
93,examples/gridphysics/thecitadel.txt
94,examples/gridphysics/themole.txt
95,examples/gridphysics/theshepherd.txt
96,examples/gridphysics/thesnowman.txt
97,examples/gridphysics/towerdefense.txt
98,examples/gridphysics/vortex.txt
99,examples/gridphysics/waitforbreakfast.txt
100,examples/gridphysics/watergame.txt
101,examples/gridphysics/waves.txt
102,examples/gridphysics/whackamole.txt
103,examples/gridphysics/wildgunman.txt
104,examples/gridphysics/witnessprotected.txt
105,examples/gridphysics/witnessprotection.txt
106,examples/gridphysics/wrapsokoban.txt
107,examples/gridphysics/x-racer.txt
108,examples/gridphysics/zelda.txt
109,examples/gridphysics/zenpuzzle.txt
110,examples/contphysics/artillery.txt
111,examples/contphysics/arkanoid.txt
112,examples/contphysics/asteroids.txt
113,examples/contphysics/bird.txt
114,examples/contphysics/bubble.txt
115,examples/contphysics/candy.txt
116,examples/contphysics/jumper.txt
117,examples/contphysics/lander.txt
118,examples/contphysics/mario.txt
119,examples/contphysics/pong.txt
120,examples/contphysics/ptsp.txt
121,examples/contphysics/racing.txt